Ip_Version,Subdomain
A,www.huffingtonpost.com
A,www.huffingtonpost.com
A,www.huffingtonpost.com.huffpost.akadns.net
A,cs593.adn.mucdn.net
A,152.195.54.95
A,s.yimg.com
A,s.yimg.com
A,s.gycs.b.yahoodns.net
A,216.115.100.124
A,216.115.100.123
A,o.aolcdn.com
A,o.aolcdn.com
A,cs629.wpc.lambdacdn.net
A,192.229.211.36
A,s.m.huffpost.com
A,s.m.huffpost.com
A,cs491300.wpc.mucdn.net
A,192.229.210.207
A,udc.yahoo.com
A,udc.yahoo.com
A,ds-geoycpi-uno-lite.gycpi.b.yahoodns.net
A,208.71.44.31
A,208.71.44.30
A,img.huffingtonpost.com
A,img.huffingtonpost.com
A,cs491300.wpc.mucdn.net
A,192.229.210.207
A,dc8xl0ndzn2cb.cloudfront.net
A,dc8xl0ndzn2cb.cloudfront.net
A,13.33.124.220
A,13.33.124.149
A,13.33.124.239
A,13.33.124.96
A,13.33.124.126
A,13.33.124.169
A,13.33.124.207
A,13.33.124.18
A,plugin.mediavoice.com
A,plugin.mediavoice.com
A,secure.mediavoice.com.edgekey.net
A,e10615.g.akamaiedge.net
A,23.194.101.132
A,apis.google.com
A,apis.google.com
A,plus.l.google.com
A,216.58.216.174
A,cdn-gl.imrworldwide.com
A,cdn-gl.imrworldwide.com
A,d1o1v4alhgrqng.cloudfront.net
A,13.32.179.161
A,13.32.179.179
A,13.32.179.181
A,13.32.179.165
A,13.32.179.84
A,13.32.179.237
A,13.32.179.245
A,13.32.179.29
A,connect.facebook.net
A,connect.facebook.net
A,scontent.xx.fbcdn.net
A,31.13.76.107
A,meraxes-cdn.polarmobile.com
A,meraxes-cdn.polarmobile.com
A,secure.polarmobile.com.edgekey.net
A,e6637.g.akamaiedge.net
A,23.194.101.225
A,platform.twitter.com
A,static.parsely.com
A,platform.twitter.com
A,platform-eb.twitter.com
A,199.96.57.6
A,b.scorecardresearch.com
A,static.parsely.com
A,d1z2jf7jlzjs58.cloudfront.net
A,13.33.124.201
A,13.33.124.171
A,13.33.124.221
A,13.33.124.219
A,13.33.124.188
A,13.33.124.27
A,13.33.124.152
A,13.33.124.182
A,b.scorecardresearch.com
A,b.scorecardresearch.com.edgesuite.net
A,a1294.w20.akamai.net
A,209.124.184.142
A,209.124.184.135
A,z.moatads.com
A,z.moatads.com
A,wildcard.moatads.com.edgekey.net
A,e13136.g.akamaiedge.net
A,23.194.102.190
A,assets.pinterest.com
A,assets.pinterest.com
A,s.pinimg.com
A,s.pinimg.com.gslb.pinterest.com
A,2-01-37d2-0006.cdx.cedexis.net
A,s.pinimg.com.edgekey.net
A,e4456.dsce2.akamaiedge.net
A,23.198.109.245
A,pixel.keywee.co
A,pixel.keywee.co
A,keywee-tracking-1407996164.us-east-1.elb.amazonaws.com
A,54.221.222.162
A,23.21.162.124
A,secure-dcr.imrworldwide.com
A,secure-dcr.imrworldwide.com
A,secure-us.imrworldwide.com
A,138.108.7.20
A,www.facebook.com
A,www.facebook.com
A,star-mini.c10r.facebook.com
A,31.13.76.68
A,b.huffingtonpost.com
A,b.huffingtonpost.com
A,b.aol.com
A,b.datalayer.public.aol.com
A,datalayer-b-webelb-1lwlnabxei0co-541911958.us-east-1.elb.amazonaws.com
A,52.55.75.46
A,34.203.131.113
A,34.204.242.247
A,34.224.234.160
A,54.88.129.149
A,34.226.165.217
A,107.21.48.14
A,34.226.73.118
A,0914.global.ssl.fastly.net
A,0914.global.ssl.fastly.net
A,global-ssl.fastly.net
A,151.101.52.249
A,srv-2017-10-04-14.config.parsely.com
A,srv-2017-10-04-14.config.parsely.com
A,52.42.172.222
A,staticxx.facebook.com
A,staticxx.facebook.com
A,scontent.xx.fbcdn.net
A,31.13.76.107
A,dpm.demdex.net
A,dpm.demdex.net
A,gslb.demdex.net
A,edge-usw2.demdex.net
A,dcs-edge-usw2-620097651.us-west-2.elb.amazonaws.com
A,54.71.146.239
A,35.160.180.157
A,35.162.36.45
A,35.161.35.168
A,54.70.122.167
A,35.161.203.120
A,34.223.213.47
A,54.218.44.217
A,b.aol.com
A,fast.aol.demdex.net
A,o.sa.aol.com
A,cm.everesttech.net
A,o.sa.aol.com
A,sa.aol.com.d2.sc.omtrdc.net
A,66.235.138.201
A,66.235.139.213
A,66.235.139.5
A,66.235.139.6
A,66.235.139.214
A,66.235.138.202
A,66.235.139.7
A,66.235.139.215
A,66.235.138.203
A,cm.everesttech.net
A,cm.everesttech.net.akadns.net
A,192.243.232.58
A,srv-2017-10-04-14.pixel.parsely.com
A,srv-2017-10-04-14.pixel.parsely.com
A,52.42.89.87
A,fast.aol.demdex.net
A,cdn.demdex.net.edgesuite.net
A,a311.g.akamai.net
A,209.124.184.152
A,209.124.184.153
A,b.aol.com
A,b.datalayer.public.aol.com
A,datalayer-b-webelb-1lwlnabxei0co-541911958.us-east-1.elb.amazonaws.com
A,34.203.131.113
A,34.204.242.247
A,34.224.234.160
A,54.88.129.149
A,34.226.165.217
A,107.21.48.14
A,34.226.73.118
A,52.55.75.46
A,www.summerhamster.com
A,mms.huffingtonpost.com
A,mms.huffingtonpost.com
A,mms.sp-prod.net
A,mms.pdx.sp-prod.net
A,52.39.47.29
A,www.summerhamster.com
A,bc.sp-prod.net
A,bc.pdx.sp-prod.net
A,52.10.154.150
A,js-agent.newrelic.com
A,js-agent.newrelic.com
A,f4.shared.global.fastly.net
A,151.101.54.110
A,cdn.at.atwola.com
A,cdn.at.atwola.com
A,cdn.atwola.com
A,cs6888100.wac.epsiloncdn.net
A,192.229.173.242
A,pentos-cdn.polarmobile.com
A,pentos-cdn.polarmobile.com
A,g.global-ssl.fastly.net
A,151.101.52.65
A,at.atwola.com
A,at.atwola.com
A,glb-ads.atwola.adtechus.com
A,152.163.20.131
A,secure-us.imrworldwide.com
A,secure-us.imrworldwide.com
A,138.108.7.20
